Arquitectura,Etapa,Generador,Visto,N_semillas,Exactitud_media,Exactitud_sd,Exactitud_texto,Precision_media,Precision_sd,Precision_texto,Sensibilidad_Recall_media,Sensibilidad_Recall_sd,Sensibilidad_Recall_texto,Especificidad_media,Especificidad_sd,Especificidad_texto,F1_Score_media,F1_Score_sd,F1_Score_texto,AUC_ROC_media,AUC_ROC_sd,AUC_ROC_texto
EfficientNet-B0,Inicial,StyleGAN2,True,3,0.9022222222222221,0.0721146940680545,0.9022 ± 0.0721,0.8459323616740487,0.10164010191710071,0.8459 ± 0.1016,0.9977777777777778,0.0014547859349066372,0.9978 ± 0.0015,0.8066666666666666,0.14481515311399065,0.8067 ± 0.1448,0.9133853061076816,0.05965144361020725,0.9134 ± 0.0597,0.9967606953892668,0.0024199119965735336,0.9968 ± 0.0024
EfficientNet-B0,Inicial,StyleGAN3,False,3,0.8538095238095238,0.03623743820191547,0.8538 ± 0.0362,0.8363574466309179,0.0989335074794791,0.8364 ± 0.0989,0.900952380952381,0.07245610133946756,0.9010 ± 0.0725,0.8066666666666666,0.14481515311399065,0.8067 ± 0.1448,0.8617687107275879,0.019933857005974248,0.8618 ± 0.0199,0.9517954648526077,0.009563935048687898,0.9518 ± 0.0096
EfficientNet-B0,Inicial,SDXL,False,3,0.6039682539682539,0.056709334343323835,0.6040 ± 0.0567,0.6962632016992147,0.14940393403439745,0.6963 ± 0.1494,0.4012698412698413,0.15141459454314551,0.4013 ± 0.1514,0.8066666666666666,0.14481515311399065,0.8067 ± 0.1448,0.49385424190064064,0.11329550616219272,0.4939 ± 0.1133,0.6385581254724112,0.12355742268358032,0.6386 ± 0.1236
EfficientNet-B0,Inicial,Flux,False,3,0.6901587301587302,0.09080932820581394,0.6902 ± 0.0908,0.7581538113837555,0.13887206991478043,0.7582 ± 0.1389,0.5736507936507937,0.15967749053205738,0.5737 ± 0.1597,0.8066666666666666,0.14481515311399065,0.8067 ± 0.1448,0.6435796311720524,0.128237220616046,0.6436 ± 0.1282,0.754603476946334,0.12512966328902458,0.7546 ± 0.1251
EfficientNet-B0,FT-1,StyleGAN2,True,3,0.769047619047619,0.02874155697775731,0.7690 ± 0.0287,0.6847306224141295,0.026381751438178995,0.6847 ± 0.0264,1.0,0.0,1.0000 ± 0.0000,0.5380952380952381,0.057483113955514566,0.5381 ± 0.0575,0.8126709006652786,0.018745631860834885,0.8127 ± 0.0187,0.9963387755102041,0.0013557535460260476,0.9963 ± 0.0014
EfficientNet-B0,FT-1,StyleGAN3,True,3,0.7655555555555557,0.029455887050553978,0.7656 ± 0.0295,0.6832097446884111,0.026764903174529342,0.6832 ± 0.0268,0.993015873015873,0.001454785934906625,0.9930 ± 0.0015,0.5380952380952381,0.057483113955514566,0.5381 ± 0.0575,0.8092958417862178,0.019411703685818543,0.8093 ± 0.0194,0.9785298563869992,0.005043453516148432,0.9785 ± 0.0050
EfficientNet-B0,FT-1,SDXL,False,3,0.5488888888888889,0.024113927126900792,0.5489 ± 0.0241,0.5483160151714449,0.024913342847658275,0.5483 ± 0.0249,0.5596825396825397,0.050190867743420096,0.5597 ± 0.0502,0.5380952380952381,0.057483113955514566,0.5381 ± 0.0575,0.5531486588911966,0.029964843433762815,0.5531 ± 0.0300,0.5709272864701437,0.03519375181871296,0.5709 ± 0.0352
EfficientNet-B0,FT-1,Flux,False,3,0.6341269841269842,0.04662129313462865,0.6341 ± 0.0466,0.6126248120212344,0.037899042185774605,0.6126 ± 0.0379,0.7301587301587301,0.06340549654158982,0.7302 ± 0.0634,0.5380952380952381,0.057483113955514566,0.5381 ± 0.0575,0.6657889800572208,0.04518412124362185,0.6658 ± 0.0452,0.710902343159486,0.07015542750037822,0.7109 ± 0.0702
EfficientNet-B0,FT-2,StyleGAN2,True,3,0.783015873015873,0.05429685210164722,0.7830 ± 0.0543,0.699962762873383,0.05147017495516783,0.7000 ± 0.0515,1.0,0.0,1.0000 ± 0.0000,0.566031746031746,0.10859370420329437,0.5660 ± 0.1086,0.8227758201635341,0.03606097584083618,0.8228 ± 0.0361,0.9967130763416477,0.0020276098940914533,0.9967 ± 0.0020
EfficientNet-B0,FT-2,StyleGAN3,True,3,0.7787301587301587,0.053605456565026806,0.7787 ± 0.0536,0.6981872736071845,0.05133843113084085,0.6982 ± 0.0513,0.9914285714285714,0.0025197631533948437,0.9914 ± 0.0025,0.566031746031746,0.10859370420329437,0.5660 ± 0.1086,0.818606675205662,0.03531295988096645,0.8186 ± 0.0353,0.9787484504913078,0.004151022101059977,0.9787 ± 0.0042
EfficientNet-B0,FT-2,SDXL,True,3,0.771904761904762,0.054017717761856106,0.7719 ± 0.0540,0.695266718869985,0.05177588656318519,0.6953 ± 0.0518,0.9777777777777779,0.002199429596912865,0.9778 ± 0.0022,0.566031746031746,0.10859370420329437,0.5660 ± 0.1086,0.8119204341153617,0.0356648404874809,0.8119 ± 0.0357,0.9487746031746033,0.02693048015082627,0.9488 ± 0.0269
EfficientNet-B0,FT-2,Flux,False,3,0.7826984126984127,0.05403100926511651,0.7827 ± 0.0540,0.69983721805827,0.05136777533028704,0.6998 ± 0.0514,0.9993650793650793,0.0005498573992282003,0.9994 ± 0.0005,0.566031746031746,0.10859370420329437,0.5660 ± 0.1086,0.8224661100354798,0.03580254162544425,0.8225 ± 0.0358,0.9896758881330311,0.007320572918672268,0.9897 ± 0.0073
EfficientNet-B0,FT-3,StyleGAN2,True,3,0.7998412698412699,0.02573338502926204,0.7998 ± 0.0257,0.7148692482805453,0.026753602360436054,0.7149 ± 0.0268,0.9996825396825396,0.0005498573992282003,0.9997 ± 0.0005,0.6,0.051172200502893984,0.6000 ± 0.0512,0.8334353124269286,0.018136535863977996,0.8334 ± 0.0181,0.9965584278155707,0.0017085003779764105,0.9966 ± 0.0017
EfficientNet-B0,FT-3,StyleGAN3,True,3,0.7946031746031745,0.02507283419083892,0.7946 ± 0.0251,0.7127323067184895,0.026596680629607548,0.7127 ± 0.0266,0.9892063492063493,0.00450077678690725,0.9892 ± 0.0045,0.6,0.051172200502893984,0.6000 ± 0.0512,0.8283140210428805,0.01749077108739115,0.8283 ± 0.0175,0.9799962207105065,0.0060059194466078655,0.9800 ± 0.0060
EfficientNet-B0,FT-3,SDXL,True,3,0.7884126984126985,0.028257534998696716,0.7884 ± 0.0283,0.7100978772400146,0.027995131069967056,0.7101 ± 0.0280,0.9768253968253969,0.009634279939995882,0.9768 ± 0.0096,0.6,0.051172200502893984,0.6000 ± 0.0512,0.8222125000850502,0.02069017280877979,0.8222 ± 0.0207,0.9507294028722599,0.028607534790736588,0.9507 ± 0.0286
EfficientNet-B0,FT-3,Flux,True,3,0.7996825396825397,0.02544093391897574,0.7997 ± 0.0254,0.7148092472568365,0.02664213365311497,0.7148 ± 0.0266,0.9993650793650793,0.0005498573992282003,0.9994 ± 0.0005,0.6,0.051172200502893984,0.6000 ± 0.0512,0.8332798136110765,0.017851035711464142,0.8333 ± 0.0179,0.99141179138322,0.005291262872468896,0.9914 ± 0.0053
ResNet-50,Inicial,StyleGAN2,True,3,0.7993650793650794,0.0293401867895649,0.7994 ± 0.0293,0.7149596863564791,0.029913790099556484,0.7150 ± 0.0299,0.9984126984126984,0.0005498573992282003,0.9984 ± 0.0005,0.6003174603174602,0.05864945119498058,0.6003 ± 0.0586,0.8330029873984568,0.020344927261125977,0.8330 ± 0.0203,0.9907455782312926,0.0029705221304806607,0.9907 ± 0.0030
ResNet-50,Inicial,StyleGAN3,False,3,0.7787301587301587,0.02454268036474456,0.7787 ± 0.0245,0.7063752872584846,0.028346667401891592,0.7064 ± 0.0283,0.9571428571428572,0.010732788256747313,0.9571 ± 0.0107,0.6003174603174602,0.05864945119498058,0.6003 ± 0.0586,0.8125232355916427,0.015487425788708422,0.8125 ± 0.0155,0.919345275888133,0.006449848296835539,0.9193 ± 0.0064
ResNet-50,Inicial,SDXL,False,3,0.7746031746031745,0.018184824186332695,0.7746 ± 0.0182,0.7046532834234,0.02560025944701491,0.7047 ± 0.0256,0.9488888888888889,0.02317895153812293,0.9489 ± 0.0232,0.6003174603174602,0.05864945119498058,0.6003 ± 0.0586,0.8082521310702608,0.008960191078037173,0.8083 ± 0.0090,0.9157207860922147,0.008757612883078459,0.9157 ± 0.0088
ResNet-50,Inicial,Flux,False,3,0.7807936507936507,0.026913539795772365,0.7808 ± 0.0269,0.7072306170600781,0.029325252548118002,0.7072 ± 0.0293,0.9612698412698412,0.006482723129099085,0.9613 ± 0.0065,0.6003174603174602,0.05864945119498058,0.6003 ± 0.0586,0.8146223005792796,0.01786706742914588,0.8146 ± 0.0179,0.929011186696901,0.013023320704813976,0.9290 ± 0.0130
ResNet-50,FT-1,StyleGAN2,True,3,0.7215873015873017,0.039039875345203305,0.7216 ± 0.0390,0.6434439520051886,0.03323305786871423,0.6434 ± 0.0332,1.0,0.0,1.0000 ± 0.0000,0.44317460317460317,0.07807975069040653,0.4432 ± 0.0781,0.7827153654386452,0.024331369422933458,0.7827 ± 0.0243,0.9933869992441421,0.0014559110385465185,0.9934 ± 0.0015
ResNet-50,FT-1,StyleGAN3,True,3,0.7174603174603176,0.03893809649986118,0.7175 ± 0.0389,0.6415470620558418,0.033265346315445345,0.6415 ± 0.0333,0.9917460317460317,0.0033446519850326363,0.9917 ± 0.0033,0.44317460317460317,0.07807975069040653,0.4432 ± 0.0781,0.7787697840456355,0.024209267090063467,0.7788 ± 0.0242,0.9512078609221466,0.005444196230289189,0.9512 ± 0.0054
ResNet-50,FT-1,SDXL,False,3,0.7055555555555556,0.0315521859527606,0.7056 ± 0.0316,0.6360330117467484,0.030039403930627,0.6360 ± 0.0300,0.9679365079365079,0.015716690532681328,0.9679 ± 0.0157,0.44317460317460317,0.07807975069040653,0.4432 ± 0.0781,0.76716331362619,0.016826513680320596,0.7672 ± 0.0168,0.9081079365079366,0.01722843621763947,0.9081 ± 0.0172
ResNet-50,FT-1,Flux,False,3,0.7096825396825398,0.03532914021241035,0.7097 ± 0.0353,0.6379587914580704,0.031762556312846454,0.6380 ± 0.0318,0.9761904761904763,0.007438333024672996,0.9762 ± 0.0074,0.44317460317460317,0.07807975069040653,0.4432 ± 0.0781,0.7712362228140662,0.020574530262606423,0.7712 ± 0.0206,0.9252069538926682,0.019986701994269992,0.9252 ± 0.0200
ResNet-50,FT-2,StyleGAN2,True,3,0.7222222222222223,0.021906487164631838,0.7222 ± 0.0219,0.6431922809975807,0.017848698696359987,0.6432 ± 0.0178,1.0,0.0,1.0000 ± 0.0000,0.4444444444444444,0.04381297432926368,0.4444 ± 0.0438,0.7827606890844736,0.013298474948750152,0.7828 ± 0.0133,0.9912728647014362,0.002672676882467668,0.9913 ± 0.0027
ResNet-50,FT-2,StyleGAN3,True,3,0.717936507936508,0.022789251023390508,0.7179 ± 0.0228,0.641209911325359,0.01830457085142308,0.6412 ± 0.0183,0.9914285714285714,0.001904761904761909,0.9914 ± 0.0019,0.4444444444444444,0.04381297432926368,0.4444 ± 0.0438,0.7786670655550995,0.014120295160412997,0.7787 ± 0.0141,0.9412510959939532,0.007936998265816456,0.9413 ± 0.0079
ResNet-50,FT-2,SDXL,True,3,0.7200000000000001,0.02119448865168369,0.7200 ± 0.0212,0.6421748210817569,0.01753849165613478,0.6422 ± 0.0175,0.9955555555555556,0.001454785934906577,0.9956 ± 0.0015,0.4444444444444444,0.04381297432926368,0.4444 ± 0.0438,0.7806368268039727,0.01260663096816705,0.7806 ± 0.0126,0.9765189720332578,0.0015114595323228077,0.9765 ± 0.0015
ResNet-50,FT-2,Flux,False,3,0.7217460317460317,0.02197366664212344,0.7217 ± 0.0220,0.6429732171051946,0.017883717913833454,0.6430 ± 0.0179,0.9990476190476191,0.0009523809523809268,0.9990 ± 0.0010,0.4444444444444444,0.04381297432926368,0.4444 ± 0.0438,0.7823069822861477,0.013364556818075655,0.7823 ± 0.0134,0.9905800453514738,0.0013934570808404121,0.9906 ± 0.0014
ResNet-50,FT-3,StyleGAN2,True,3,0.7609523809523809,0.03522844140606033,0.7610 ± 0.0352,0.6775895574649747,0.03283462030698835,0.6776 ± 0.0328,1.0,0.0,1.0000 ± 0.0000,0.5219047619047619,0.07045688281212069,0.5219 ± 0.0705,0.8075108205008757,0.023180494810389224,0.8075 ± 0.0232,0.9919245653817083,0.00339509028502581,0.9919 ± 0.0034
ResNet-50,FT-3,StyleGAN3,True,3,0.7561904761904762,0.03538258664430463,0.7562 ± 0.0354,0.675500307294719,0.033015947372113066,0.6755 ± 0.0330,0.9904761904761905,0.0009523809523809823,0.9905 ± 0.0010,0.5219047619047619,0.07045688281212069,0.5219 ± 0.0705,0.8029101953353424,0.023281750631088213,0.8029 ± 0.0233,0.9473584278155706,0.013458096845246174,0.9474 ± 0.0135
ResNet-50,FT-3,SDXL,True,3,0.7582539682539683,0.0342404904564304,0.7583 ± 0.0342,0.6764256919175091,0.03247491856116667,0.6764 ± 0.0325,0.9946031746031746,0.0019825390471106116,0.9946 ± 0.0020,0.5219047619047619,0.07045688281212069,0.5219 ± 0.0705,0.8049013063726377,0.02219706734596115,0.8049 ± 0.0222,0.9799752078609222,0.004925370811720435,0.9800 ± 0.0049
ResNet-50,FT-3,Flux,True,3,0.7607936507936509,0.03528418264567772,0.7608 ± 0.0353,0.6775192377500906,0.03286173444758917,0.6775 ± 0.0329,0.9996825396825396,0.0005498573992282003,0.9997 ± 0.0005,0.5219047619047619,0.07045688281212069,0.5219 ± 0.0705,0.8073582654665742,0.023237982026001726,0.8074 ± 0.0232,0.9924979591836735,0.0033396706228901603,0.9925 ± 0.0033
Xception,Inicial,StyleGAN2,True,3,0.9266666666666666,0.044883320639802604,0.9267 ± 0.0449,0.8786830641632902,0.07040994702844863,0.8787 ± 0.0704,0.9958730158730158,0.002396772836593935,0.9959 ± 0.0024,0.8574603174603174,0.09212203940215939,0.8575 ± 0.0921,0.9325567854155232,0.038826018437975736,0.9326 ± 0.0388,0.9972497354497355,0.0020153156275256527,0.9972 ± 0.0020
Xception,Inicial,StyleGAN3,False,3,0.85984126984127,0.02444083667460047,0.8598 ± 0.0244,0.8657329290229558,0.07055867334452201,0.8657 ± 0.0706,0.8622222222222223,0.08197855664169243,0.8622 ± 0.0820,0.8574603174603174,0.09212203940215939,0.8575 ± 0.0921,0.8597512486876265,0.024691675537806074,0.8598 ± 0.0247,0.9402952380952381,0.019679615658955357,0.9403 ± 0.0197
Xception,Inicial,SDXL,False,3,0.769047619047619,0.004542567625794997,0.7690 ± 0.0045,0.8383048011369217,0.07391014386519323,0.8383 ± 0.0739,0.6806349206349207,0.10120513432582255,0.6806 ± 0.1012,0.8574603174603174,0.09212203940215939,0.8575 ± 0.0921,0.744400758808682,0.03184243482561059,0.7444 ± 0.0318,0.8741662887377174,0.01876504194206572,0.8742 ± 0.0188
Xception,Inicial,Flux,False,3,0.8279365079365079,0.017184693218907542,0.8279 ± 0.0172,0.8572018176519323,0.06919097723537058,0.8572 ± 0.0692,0.7984126984126984,0.10094489340307024,0.7984 ± 0.1009,0.8574603174603174,0.09212203940215939,0.8575 ± 0.0921,0.8213546824694253,0.026659669786657965,0.8214 ± 0.0267,0.9204346182917611,0.02169677742602642,0.9204 ± 0.0217
Xception,FT-1,StyleGAN2,True,3,0.8087301587301589,0.011706281947614151,0.8087 ± 0.0117,0.7237537215362014,0.01230438443370409,0.7238 ± 0.0123,0.9990476190476191,0.0,0.9990 ± 0.0000,0.6184126984126984,0.023412563895228347,0.6184 ± 0.0234,0.839366106935788,0.008266665559518684,0.8394 ± 0.0083,0.9980349206349205,0.0005840412396047729,0.9980 ± 0.0006
Xception,FT-1,StyleGAN3,True,3,0.8057142857142857,0.01173208094738563,0.8057 ± 0.0117,0.7225416877437038,0.012346771886617978,0.7225 ± 0.0123,0.993015873015873,0.0005498573992282003,0.9930 ± 0.0005,0.6184126984126984,0.023412563895228347,0.6184 ± 0.0234,0.8364179145988047,0.008286987249097195,0.8364 ± 0.0083,0.9761681027966743,0.005736619428796815,0.9762 ± 0.0057
Xception,FT-1,SDXL,False,3,0.721111111111111,0.0057208956479175045,0.7211 ± 0.0057,0.6835888571074085,0.006728513466935473,0.6836 ± 0.0067,0.8238095238095239,0.029738085706658996,0.8238 ± 0.0297,0.6184126984126984,0.023412563895228347,0.6184 ± 0.0234,0.7469456841039778,0.009767257240549165,0.7469 ± 0.0098,0.8050864701436131,0.01803743681976396,0.8051 ± 0.0180
Xception,FT-1,Flux,False,3,0.7541269841269841,0.007756693157378152,0.7541 ± 0.0078,0.700032405218443,0.009000468808479508,0.7000 ± 0.0090,0.8898412698412699,0.025311364146384272,0.8898 ± 0.0253,0.6184126984126984,0.023412563895228347,0.6184 ± 0.0234,0.783437637394782,0.00854014258277531,0.7834 ± 0.0085,0.84702358276644,0.025234114519422073,0.8470 ± 0.0252
Xception,FT-2,StyleGAN2,True,3,0.8111111111111112,0.012930420225026265,0.8111 ± 0.0129,0.7260743072904794,0.013541291096914279,0.7261 ± 0.0135,0.9996825396825396,0.0005498573992282003,0.9997 ± 0.0005,0.6225396825396826,0.02541864142360124,0.6225 ± 0.0254,0.841143697529435,0.009229166195801271,0.8411 ± 0.0092,0.9980312925170068,0.0011174202844965733,0.9980 ± 0.0011
Xception,FT-2,StyleGAN3,True,3,0.8082539682539682,0.012655682073192122,0.8083 ± 0.0127,0.7249357157865489,0.013465968607613472,0.7249 ± 0.0135,0.9939682539682538,0.0010997147984564647,0.9940 ± 0.0011,0.6225396825396826,0.02541864142360124,0.6225 ± 0.0254,0.8383505497602131,0.008953882037194813,0.8384 ± 0.0090,0.9785295540438397,0.00476329793535195,0.9785 ± 0.0048
Xception,FT-2,SDXL,True,3,0.8063492063492063,0.011431877828590979,0.8063 ± 0.0114,0.7241792708126086,0.012972689737078368,0.7242 ± 0.0130,0.9901587301587301,0.0042945235741170375,0.9902 ± 0.0043,0.6225396825396826,0.02541864142360124,0.6225 ± 0.0254,0.836476398268939,0.007780641190454863,0.8365 ± 0.0078,0.9770792139077852,0.003305177844189242,0.9771 ± 0.0033
Xception,FT-2,Flux,False,3,0.810952380952381,0.012962531036967853,0.8110 ± 0.0130,0.7260108469571539,0.013555341952936274,0.7260 ± 0.0136,0.9993650793650793,0.0005498573992282003,0.9994 ± 0.0005,0.6225396825396826,0.02541864142360124,0.6225 ± 0.0254,0.8409889689713451,0.009261761142387982,0.8410 ± 0.0093,0.994855328798186,0.0021029742036779236,0.9949 ± 0.0021
Xception,FT-3,StyleGAN2,True,3,0.8041269841269841,0.015795844148567533,0.8041 ± 0.0158,0.7188623924175782,0.016323506040533193,0.7189 ± 0.0163,0.9996825396825396,0.0005498573992282003,0.9997 ± 0.0005,0.6085714285714285,0.031182296273799832,0.6086 ± 0.0312,0.8362613822367918,0.011153993858046971,0.8363 ± 0.0112,0.9974530612244897,0.0012335528377804216,0.9975 ± 0.0012
Xception,FT-3,StyleGAN3,True,3,0.8014285714285715,0.015743119290301474,0.8014 ± 0.0157,0.717768626187572,0.01634128113379243,0.7178 ± 0.0163,0.9942857142857142,0.0009523809523809823,0.9943 ± 0.0010,0.6085714285714285,0.031182296273799832,0.6086 ± 0.0312,0.8336285480227875,0.011093700957423023,0.8336 ± 0.0111,0.9766191987906274,0.0046893592751647995,0.9766 ± 0.0047
Xception,FT-3,SDXL,True,3,0.8011111111111111,0.013983577453483846,0.8011 ± 0.0140,0.7176553265659308,0.01563358095677119,0.7177 ± 0.0156,0.9936507936507937,0.0036056560925716323,0.9937 ± 0.0036,0.6085714285714285,0.031182296273799832,0.6086 ± 0.0312,0.8333120842760519,0.009371429610425051,0.8333 ± 0.0094,0.9770922146636432,0.007046460101542943,0.9771 ± 0.0070
Xception,FT-3,Flux,True,3,0.8042857142857143,0.015591148136899886,0.8043 ± 0.0156,0.7189284382831973,0.016239394946383406,0.7189 ± 0.0162,1.0,0.0,1.0000 ± 0.0000,0.6085714285714285,0.031182296273799832,0.6086 ± 0.0312,0.8364154277736456,0.010956008980504877,0.8364 ± 0.0110,0.9955481481481482,0.001883359093800968,0.9955 ± 0.0019
