Arquitectura,Etapa,Generador,Visto,Semilla,Exactitud,Precision,Sensibilidad_Recall,Especificidad,F1_Score,AUC_ROC,VP_fake_fake,FN_fake_real,FP_real_fake,VN_real_real
EfficientNet-B0,Inicial,StyleGAN2,True,42,0.8271428571428572,0.7434443656980865,0.9990476190476191,0.6552380952380953,0.8524989841527835,0.9943043083900226,1049,1,362,688
EfficientNet-B0,Inicial,StyleGAN2,True,123,0.9085714285714286,0.8476499189627229,0.9961904761904762,0.820952380952381,0.9159369527145359,0.9968353741496598,1046,4,188,862
EfficientNet-B0,Inicial,StyleGAN2,True,2024,0.9709523809523809,0.9467028003613369,0.9980952380952381,0.9438095238095238,0.9717199814557256,0.9991424036281179,1048,2,59,991
EfficientNet-B0,Inicial,StyleGAN3,False,42,0.8152380952380952,0.7388167388167388,0.9752380952380952,0.6552380952380953,0.8407224958949097,0.9595795918367347,1024,26,362,688
EfficientNet-B0,Inicial,StyleGAN3,False,123,0.8590476190476191,0.8336283185840708,0.8971428571428571,0.820952380952381,0.8642201834862385,0.9411192743764172,942,108,188,862
EfficientNet-B0,Inicial,StyleGAN3,False,2024,0.8871428571428571,0.9366272824919442,0.8304761904761905,0.9438095238095238,0.8803634528016153,0.9546875283446712,872,178,59,991
EfficientNet-B0,Inicial,SDXL,False,42,0.6104761904761905,0.6213389121338913,0.5657142857142857,0.6552380952380953,0.5922233300099701,0.6484235827664399,594,456,362,688
EfficientNet-B0,Inicial,SDXL,False,123,0.5442857142857143,0.5991471215351812,0.26761904761904765,0.820952380952381,0.36998025016458197,0.5103637188208616,281,769,188,862
EfficientNet-B0,Inicial,SDXL,False,2024,0.6571428571428571,0.8683035714285714,0.37047619047619046,0.9438095238095238,0.5193591455273698,0.7568870748299319,389,661,59,991
EfficientNet-B0,Inicial,Flux,False,42,0.6761904761904762,0.6691042047531993,0.6971428571428572,0.6552380952380953,0.6828358208955224,0.7429433106575963,732,318,362,688
EfficientNet-B0,Inicial,Flux,False,123,0.6071428571428571,0.6871880199667221,0.3933333333333333,0.820952380952381,0.5003028467595396,0.6357120181405895,413,637,188,862
EfficientNet-B0,Inicial,Flux,False,2024,0.7871428571428571,0.9181692094313454,0.6304761904761905,0.9438095238095238,0.7476002258610954,0.8851551020408164,662,388,59,991
EfficientNet-B0,FT-1,StyleGAN2,True,42,0.7361904761904762,0.6546134663341646,1.0,0.4723809523809524,0.7912584777694047,0.9950548752834467,1050,0,554,496
EfficientNet-B0,FT-1,StyleGAN2,True,123,0.7814285714285715,0.6958250497017893,1.0,0.5628571428571428,0.82063305978898,0.9977564625850339,1050,0,459,591
EfficientNet-B0,FT-1,StyleGAN2,True,2024,0.7895238095238095,0.7037533512064343,1.0,0.579047619047619,0.8261211644374509,0.9962049886621315,1050,0,442,608
EfficientNet-B0,FT-1,StyleGAN3,True,42,0.731904761904762,0.6526645768025079,0.9914285714285714,0.4723809523809524,0.7871455576559546,0.972780498866213,1041,9,554,496
EfficientNet-B0,FT-1,StyleGAN3,True,123,0.7780952380952381,0.6944074567243675,0.9933333333333333,0.5628571428571428,0.817398119122257,0.9822077097505668,1043,7,459,591
EfficientNet-B0,FT-1,StyleGAN3,True,2024,0.7866666666666666,0.702557200538358,0.9942857142857143,0.579047619047619,0.8233438485804416,0.9806013605442176,1044,6,442,608
EfficientNet-B0,FT-1,SDXL,False,42,0.5366666666666666,0.5324894514767933,0.6009523809523809,0.4723809523809524,0.5646532438478747,0.5559809523809525,631,419,554,496
EfficientNet-B0,FT-1,SDXL,False,123,0.5333333333333333,0.5354251012145749,0.5038095238095238,0.5628571428571428,0.5191364082433758,0.5456734693877551,529,521,459,591
EfficientNet-B0,FT-1,SDXL,False,2024,0.5766666666666667,0.5770334928229665,0.5742857142857143,0.579047619047619,0.575656324582339,0.6111274376417234,603,447,442,608
EfficientNet-B0,FT-1,Flux,False,42,0.5995238095238096,0.5793470007593015,0.7266666666666667,0.4723809523809524,0.6446979298690325,0.6639337868480725,763,287,554,496
EfficientNet-B0,FT-1,Flux,False,123,0.6157142857142858,0.6046511627906976,0.6685714285714286,0.5628571428571428,0.6350067842605156,0.6772267573696145,702,348,459,591
EfficientNet-B0,FT-1,Flux,False,2024,0.6871428571428572,0.653876272513704,0.7952380952380952,0.579047619047619,0.7176622260421143,0.7915464852607709,835,215,442,608
EfficientNet-B0,FT-2,StyleGAN2,True,42,0.7223809523809523,0.6429883649724434,1.0,0.44476190476190475,0.7827059262020126,0.9945578231292517,1050,0,583,467
EfficientNet-B0,FT-2,StyleGAN2,True,123,0.8271428571428572,0.7430997876857749,1.0,0.6542857142857142,0.8526187576126675,0.9985827664399093,1050,0,363,687
EfficientNet-B0,FT-2,StyleGAN2,True,2024,0.7995238095238095,0.7138001359619307,1.0,0.599047619047619,0.8330027766759223,0.9969986394557824,1050,0,421,629
EfficientNet-B0,FT-2,StyleGAN3,True,42,0.7185714285714285,0.6412307692307693,0.9923809523809524,0.44476190476190475,0.7790654205607477,0.9739804988662132,1042,8,583,467
EfficientNet-B0,FT-2,StyleGAN3,True,123,0.8214285714285714,0.7408993576017131,0.9885714285714285,0.6542857142857142,0.847001223990208,0.9807070294784581,1038,12,363,687
EfficientNet-B0,FT-2,StyleGAN3,True,2024,0.7961904761904762,0.712431693989071,0.9933333333333333,0.599047619047619,0.8297533810660302,0.9815578231292517,1043,7,421,629
EfficientNet-B0,FT-2,SDXL,True,42,0.7119047619047619,0.638112973308504,0.979047619047619,0.44476190476190475,0.7726418639609169,0.9189215419501134,1028,22,583,467
EfficientNet-B0,FT-2,SDXL,True,123,0.8166666666666667,0.7390366642703091,0.979047619047619,0.6542857142857142,0.842277755018435,0.9712408163265308,1028,22,363,687
EfficientNet-B0,FT-2,SDXL,True,2024,0.7871428571428571,0.7086505190311418,0.9752380952380952,0.599047619047619,0.8208416833667335,0.9561614512471655,1024,26,421,629
EfficientNet-B0,FT-2,Flux,False,42,0.7223809523809523,0.6429883649724434,1.0,0.44476190476190475,0.7827059262020126,0.981334693877551,1050,0,583,467
EfficientNet-B0,FT-2,Flux,False,123,0.8266666666666667,0.7429178470254958,0.9990476190476191,0.6542857142857142,0.8521527213647441,0.995033560090703,1049,1,363,687
EfficientNet-B0,FT-2,Flux,False,2024,0.799047619047619,0.7136054421768707,0.9990476190476191,0.599047619047619,0.8325396825396826,0.9926594104308392,1049,1,421,629
EfficientNet-B0,FT-3,StyleGAN2,True,42,0.7838095238095238,0.6984021304926764,0.9990476190476191,0.5685714285714286,0.8221003134796239,0.9949845804988663,1049,1,453,597
EfficientNet-B0,FT-3,StyleGAN2,True,123,0.8295238095238096,0.7457386363636364,1.0,0.659047619047619,0.8543531326281529,0.9983755102040817,1050,0,358,692
EfficientNet-B0,FT-3,StyleGAN2,True,2024,0.7861904761904762,0.7004669779853235,1.0,0.5723809523809524,0.8238524911730091,0.9963151927437642,1050,0,449,601
EfficientNet-B0,FT-3,StyleGAN3,True,42,0.7771428571428571,0.6955645161290323,0.9857142857142858,0.5685714285714286,0.8156028368794326,0.9733324263038547,1035,15,453,597
EfficientNet-B0,FT-3,StyleGAN3,True,123,0.8233333333333334,0.7433691756272401,0.9876190476190476,0.659047619047619,0.8482617586912066,0.98166485260771,1037,13,358,692
EfficientNet-B0,FT-3,StyleGAN3,True,2024,0.7833333333333333,0.6992632283991963,0.9942857142857143,0.5723809523809524,0.8210774675580024,0.9849913832199547,1044,6,449,601
EfficientNet-B0,FT-3,SDXL,True,42,0.7671428571428571,0.6912065439672802,0.9657142857142857,0.5685714285714286,0.8057210965435042,0.9189682539682539,1014,36,453,597
EfficientNet-B0,FT-3,SDXL,True,123,0.8204761904761905,0.7422606191504679,0.981904761904762,0.659047619047619,0.8454284542845428,0.9744721088435374,1031,19,358,692
EfficientNet-B0,FT-3,SDXL,True,2024,0.7776190476190477,0.6968264686022958,0.9828571428571429,0.5723809523809524,0.8154879494271039,0.9587478458049887,1032,18,449,601
EfficientNet-B0,FT-3,Flux,True,42,0.7842857142857143,0.6986027944111777,1.0,0.5685714285714286,0.8225616921269095,0.9854489795918367,1050,0,453,597
EfficientNet-B0,FT-3,Flux,True,123,0.829047619047619,0.7455579246624022,0.9990476190476191,0.659047619047619,0.8538868538868539,0.9955469387755103,1049,1,358,692
EfficientNet-B0,FT-3,Flux,True,2024,0.7857142857142857,0.7002670226969292,0.9990476190476191,0.5723809523809524,0.8233908948194663,0.9932394557823129,1049,1,449,601
ResNet-50,Inicial,StyleGAN2,True,42,0.7690476190476191,0.6845199216198563,0.9980952380952381,0.54,0.8120883378535452,0.9876675736961451,1048,2,483,567
ResNet-50,Inicial,StyleGAN2,True,123,0.8014285714285714,0.7160409556313994,0.9990476190476191,0.6038095238095238,0.8341948310139164,0.9909736961451248,1049,1,416,634
ResNet-50,Inicial,StyleGAN2,True,2024,0.8276190476190476,0.7443181818181818,0.9980952380952381,0.6571428571428571,0.8527257933279089,0.9935954648526077,1048,2,360,690
ResNet-50,Inicial,StyleGAN3,False,42,0.7547619047619047,0.6782145236508994,0.9695238095238096,0.54,0.7981183849470795,0.9225777777777777,1018,32,483,567
ResNet-50,Inicial,StyleGAN3,False,123,0.7776190476190477,0.7060070671378091,0.9514285714285714,0.6038095238095238,0.8105476673427991,0.9119183673469388,999,51,416,634
ResNet-50,Inicial,StyleGAN3,False,2024,0.8038095238095239,0.7349042709867453,0.9504761904761905,0.6571428571428571,0.8289036544850499,0.9235396825396827,998,52,360,690
ResNet-50,Inicial,SDXL,False,42,0.7547619047619047,0.6782145236508994,0.9695238095238096,0.54,0.7981183849470795,0.9072535147392291,1018,32,483,567
ResNet-50,Inicial,SDXL,False,123,0.7785714285714286,0.7064220183486238,0.9533333333333334,0.6038095238095238,0.8115119578435347,0.924742403628118,1001,49,416,634
ResNet-50,Inicial,SDXL,False,2024,0.7904761904761904,0.7293233082706767,0.9238095238095239,0.6571428571428571,0.8151260504201681,0.9151664399092971,970,80,360,690
ResNet-50,Inicial,Flux,False,42,0.7542857142857143,0.678,0.9685714285714285,0.54,0.7976470588235294,0.9198961451247165,1017,33,483,567
ResNet-50,Inicial,Flux,False,123,0.78,0.7070422535211267,0.9561904761904761,0.6038095238095238,0.8129554655870446,0.9232104308390023,1004,46,416,634
ResNet-50,Inicial,Flux,False,2024,0.8080952380952381,0.7366495976591075,0.959047619047619,0.6571428571428571,0.8332643773272652,0.9439269841269842,1007,43,360,690
ResNet-50,FT-1,StyleGAN2,True,42,0.699047619047619,0.6242568370986921,1.0,0.3980952380952381,0.7686676427525623,0.9920634920634921,1050,0,632,418
ResNet-50,FT-1,StyleGAN2,True,123,0.699047619047619,0.6242568370986921,1.0,0.3980952380952381,0.7686676427525623,0.9931510204081632,1050,0,632,418
ResNet-50,FT-1,StyleGAN2,True,2024,0.7666666666666667,0.6818181818181818,1.0,0.5333333333333333,0.8108108108108109,0.994946485260771,1050,0,490,560
ResNet-50,FT-1,StyleGAN3,True,42,0.6933333333333334,0.6215568862275449,0.9885714285714285,0.3980952380952381,0.763235294117647,0.9458961451247165,1038,12,632,418
ResNet-50,FT-1,StyleGAN3,True,123,0.6966666666666667,0.6231365533691116,0.9952380952380953,0.3980952380952381,0.7664099743307664,0.9509519274376417,1045,5,632,418
ResNet-50,FT-1,StyleGAN3,True,2024,0.7623809523809524,0.6799477465708688,0.9914285714285714,0.5333333333333333,0.8066640836884929,0.9567755102040816,1041,9,490,560
ResNet-50,FT-1,SDXL,False,42,0.6895238095238095,0.6197352587244284,0.9809523809523809,0.3980952380952381,0.7595870206489675,0.8884526077097507,1030,20,632,418
ResNet-50,FT-1,SDXL,False,123,0.6852380952380952,0.617664851784634,0.9723809523809523,0.3980952380952381,0.7554568997410285,0.9205945578231293,1021,29,632,418
ResNet-50,FT-1,SDXL,False,2024,0.741904761904762,0.6706989247311828,0.9504761904761905,0.5333333333333333,0.7864460204885737,0.9152766439909297,998,52,490,560
ResNet-50,FT-1,Flux,False,42,0.6895238095238095,0.6197352587244284,0.9809523809523809,0.3980952380952381,0.7595870206489675,0.9027260770975057,1030,20,632,418
ResNet-50,FT-1,Flux,False,123,0.689047619047619,0.6195063214930765,0.98,0.3980952380952381,0.7591294725193656,0.9319278911564626,1029,21,632,418
ResNet-50,FT-1,Flux,False,2024,0.7504761904761905,0.6746347941567065,0.9676190476190476,0.5333333333333333,0.7949921752738655,0.9409668934240363,1016,34,490,560
ResNet-50,FT-2,StyleGAN2,True,42,0.6971428571428572,0.6227758007117438,1.0,0.3942857142857143,0.7675438596491229,0.9881868480725623,1050,0,636,414
ResNet-50,FT-2,StyleGAN2,True,123,0.731904761904762,0.6509609423434594,1.0,0.4638095238095238,0.7885843034171987,0.992839909297052,1050,0,563,487
ResNet-50,FT-2,StyleGAN2,True,2024,0.7376190476190476,0.655840099937539,1.0,0.47523809523809524,0.7921539041870992,0.992791836734694,1050,0,551,499
ResNet-50,FT-2,StyleGAN3,True,42,0.6919047619047619,0.6202985074626866,0.9895238095238095,0.3942857142857143,0.7625688073394495,0.9337705215419502,1039,11,636,414
ResNet-50,FT-2,StyleGAN3,True,123,0.7276190476190476,0.649002493765586,0.9914285714285714,0.4638095238095238,0.7844762622456669,0.94040589569161,1041,9,563,487
ResNet-50,FT-2,StyleGAN3,True,2024,0.7342857142857143,0.6543287327478042,0.9933333333333333,0.47523809523809524,0.7889561270801816,0.9495768707482992,1043,7,551,499
ResNet-50,FT-2,SDXL,True,42,0.6957142857142857,0.6221033868092691,0.9971428571428571,0.3942857142857143,0.7661909989023051,0.9747777777777779,1047,3,636,414
ResNet-50,FT-2,SDXL,True,123,0.7295238095238096,0.6498756218905473,0.9952380952380953,0.4638095238095238,0.7863054928517682,0.9774929705215418,1045,5,563,487
ResNet-50,FT-2,SDXL,True,2024,0.7347619047619047,0.6545454545454545,0.9942857142857143,0.47523809523809524,0.789413988657845,0.9772861678004535,1044,6,551,499
ResNet-50,FT-2,Flux,False,42,0.6966666666666667,0.6225519287833828,0.9990476190476191,0.3942857142857143,0.7670932358318099,0.9899814058956916,1049,1,636,414
ResNet-50,FT-2,Flux,False,123,0.7309523809523809,0.6505276225946617,0.9980952380952381,0.4638095238095238,0.787673806839534,0.989585941043084,1048,2,563,487
ResNet-50,FT-2,Flux,False,2024,0.7376190476190476,0.655840099937539,1.0,0.47523809523809524,0.7921539041870992,0.9921727891156462,1050,0,551,499
ResNet-50,FT-3,StyleGAN2,True,42,0.7304761904761905,0.6497524752475248,1.0,0.46095238095238095,0.7876969242310577,0.9884589569160998,1050,0,566,484
ResNet-50,FT-3,StyleGAN2,True,123,0.7528571428571429,0.6692160611854685,1.0,0.5057142857142857,0.8018327605956472,0.9920702947845806,1050,0,519,531
ResNet-50,FT-3,StyleGAN2,True,2024,0.7995238095238095,0.7138001359619307,1.0,0.599047619047619,0.8330027766759223,0.9952444444444445,1050,0,421,629
ResNet-50,FT-3,StyleGAN3,True,42,0.7252380952380952,0.6473520249221184,0.9895238095238095,0.46095238095238095,0.7826741996233522,0.9394054421768707,1039,11,566,484
ResNet-50,FT-3,StyleGAN3,True,123,0.7485714285714286,0.6673076923076923,0.9914285714285714,0.5057142857142857,0.7977011494252874,0.9397727891156462,1041,9,519,531
ResNet-50,FT-3,StyleGAN3,True,2024,0.7947619047619048,0.7118412046543463,0.9904761904761905,0.599047619047619,0.8283552369573874,0.9628970521541951,1040,10,421,629
ResNet-50,FT-3,SDXL,True,42,0.7285714285714285,0.6488833746898263,0.9961904761904762,0.46095238095238095,0.7858752817430503,0.9747269841269841,1046,4,566,484
ResNet-50,FT-3,SDXL,True,123,0.7504761904761905,0.6681585677749361,0.9952380952380953,0.5057142857142857,0.7995409334353482,0.9807015873015874,1045,5,519,531
ResNet-50,FT-3,SDXL,True,2024,0.7957142857142857,0.7122351332877649,0.9923809523809524,0.599047619047619,0.8292877039395146,0.9844970521541949,1042,8,421,629
ResNet-50,FT-3,Flux,True,42,0.7304761904761905,0.6497524752475248,1.0,0.46095238095238095,0.7876969242310577,0.9890748299319728,1050,0,566,484
ResNet-50,FT-3,Flux,True,123,0.7523809523809524,0.6690051020408163,0.9990476190476191,0.5057142857142857,0.8013750954927426,0.9926716553287982,1049,1,519,531
ResNet-50,FT-3,Flux,True,2024,0.7995238095238095,0.7138001359619307,1.0,0.599047619047619,0.8330027766759223,0.9957473922902493,1050,0,421,629
Xception,Inicial,StyleGAN2,True,42,0.88,0.8073959938366718,0.9980952380952381,0.7619047619047619,0.8926746166950597,0.9949233560090703,1048,2,250,800
Xception,Inicial,StyleGAN2,True,123,0.9304761904761905,0.8804713804713805,0.9961904761904762,0.8647619047619047,0.934763181411975,0.9983632653061225,1046,4,142,908
Xception,Inicial,StyleGAN2,True,2024,0.9695238095238096,0.9481818181818182,0.9933333333333333,0.9457142857142857,0.9702325581395349,0.9984625850340135,1043,7,57,993
Xception,Inicial,StyleGAN3,False,42,0.8371428571428572,0.793046357615894,0.9123809523809524,0.7619047619047619,0.8485385296722764,0.9178875283446712,958,92,250,800
Xception,Inicial,StyleGAN3,False,123,0.8857142857142857,0.870201096892139,0.9066666666666666,0.8647619047619047,0.8880597014925373,0.9547714285714286,952,98,142,908
Xception,Inicial,StyleGAN3,False,2024,0.8566666666666667,0.9339513325608343,0.7676190476190476,0.9457142857142857,0.8426555148980659,0.9482267573696145,806,244,57,993
Xception,Inicial,SDXL,False,42,0.7738095238095238,0.7674418604651163,0.7857142857142857,0.7619047619047619,0.7764705882352941,0.8543160997732426,825,225,250,800
Xception,Inicial,SDXL,False,123,0.7685714285714286,0.8325471698113207,0.6723809523809524,0.8647619047619047,0.743940990516333,0.8765678004535147,706,344,142,908
Xception,Inicial,SDXL,False,2024,0.7647619047619048,0.9149253731343283,0.5838095238095238,0.9457142857142857,0.7127906976744186,0.8916149659863946,613,437,57,993
Xception,Inicial,Flux,False,42,0.8380952380952381,0.7933884297520661,0.9142857142857143,0.7619047619047619,0.8495575221238938,0.914481179138322,960,90,250,800
Xception,Inicial,Flux,False,123,0.8080952380952381,0.8474758324382384,0.7514285714285714,0.8647619047619047,0.7965673902069662,0.9023360544217688,789,261,142,908
Xception,Inicial,Flux,False,2024,0.8376190476190476,0.9307411907654921,0.7295238095238096,0.9457142857142857,0.8179391350774159,0.9444866213151928,766,284,57,993
Xception,FT-1,StyleGAN2,True,42,0.7976190476190477,0.712152070604209,0.9990476190476191,0.5961904761904762,0.8315497423701942,0.9974036281179137,1049,1,424,626
Xception,FT-1,StyleGAN2,True,123,0.820952380952381,0.7366573033707865,0.9990476190476191,0.6428571428571429,0.8480194017784963,0.9985560090702948,1049,1,375,675
Xception,FT-1,StyleGAN2,True,2024,0.8076190476190476,0.7224517906336089,0.9990476190476191,0.6161904761904762,0.8385291766586731,0.9981451247165533,1049,1,403,647
Xception,FT-1,StyleGAN3,True,42,0.7947619047619048,0.710974778459441,0.9933333333333333,0.5961904761904762,0.8287644020659515,0.969597732426304,1043,7,424,626
Xception,FT-1,StyleGAN3,True,123,0.8180952380952381,0.735543018335684,0.9933333333333333,0.6428571428571429,0.8452188006482982,0.9787242630385488,1043,7,375,675
Xception,FT-1,StyleGAN3,True,2024,0.8042857142857143,0.7211072664359861,0.9923809523809524,0.6161904761904762,0.8352705410821644,0.9801823129251701,1042,8,403,647
Xception,FT-1,SDXL,False,42,0.7266666666666667,0.6797583081570997,0.8571428571428571,0.5961904761904762,0.7582139848357203,0.8229319727891157,900,150,424,626
Xception,FT-1,SDXL,False,123,0.7214285714285714,0.691358024691358,0.8,0.6428571428571429,0.7417218543046358,0.8054643990929706,840,210,375,675
Xception,FT-1,SDXL,False,2024,0.7152380952380952,0.6796502384737679,0.8142857142857143,0.6161904761904762,0.7409012131715771,0.7868630385487528,855,195,403,647
Xception,FT-1,Flux,False,42,0.7576190476190476,0.6947444204463643,0.919047619047619,0.5961904761904762,0.7913079130791308,0.8748825396825396,965,85,424,626
Xception,FT-1,Flux,False,123,0.7595238095238095,0.7104247104247104,0.8761904761904762,0.6428571428571429,0.7846481876332623,0.8404879818594104,920,130,375,675
Xception,FT-1,Flux,False,2024,0.7452380952380953,0.6949280847842544,0.8742857142857143,0.6161904761904762,0.7743568114719528,0.8257002267573696,918,132,403,647
Xception,FT-2,StyleGAN2,True,42,0.799047619047619,0.7136054421768707,0.9990476190476191,0.599047619047619,0.8325396825396826,0.9967727891156463,1049,1,421,629
Xception,FT-2,StyleGAN2,True,123,0.8095238095238095,0.7241379310344828,1.0,0.6190476190476191,0.84,0.9989070294784581,1050,0,400,650
Xception,FT-2,StyleGAN2,True,2024,0.8247619047619048,0.7404795486600846,1.0,0.6495238095238095,0.8508914100486223,0.998414058956916,1050,0,368,682
Xception,FT-2,StyleGAN3,True,42,0.7961904761904762,0.712431693989071,0.9933333333333333,0.599047619047619,0.8297533810660302,0.9731492063492063,1043,7,421,629
Xception,FT-2,StyleGAN3,True,123,0.8071428571428572,0.7231833910034602,0.9952380952380953,0.6190476190476191,0.8376753507014028,0.9822086167800453,1045,5,400,650
Xception,FT-2,StyleGAN3,True,2024,0.8214285714285714,0.7391920623671155,0.9933333333333333,0.6495238095238095,0.8476229175132061,0.9802308390022675,1043,7,368,682
Xception,FT-2,SDXL,True,42,0.7947619047619048,0.7118412046543463,0.9904761904761905,0.599047619047619,0.8283552369573874,0.9738752834467119,1040,10,421,629
Xception,FT-2,SDXL,True,123,0.8066666666666666,0.7229916897506925,0.9942857142857143,0.6190476190476191,0.8372093023255814,0.9804770975056689,1044,6,400,650
Xception,FT-2,SDXL,True,2024,0.8176190476190476,0.7377049180327869,0.9857142857142858,0.6495238095238095,0.8438646555238484,0.976885260770975,1035,15,368,682
Xception,FT-2,Flux,False,42,0.799047619047619,0.7136054421768707,0.9990476190476191,0.599047619047619,0.8325396825396826,0.9925251700680271,1049,1,421,629
Xception,FT-2,Flux,False,123,0.809047619047619,0.7239475500345065,0.9990476190476191,0.6190476190476191,0.8395358143257303,0.9966122448979593,1049,1,400,650
Xception,FT-2,Flux,False,2024,0.8247619047619048,0.7404795486600846,1.0,0.6495238095238095,0.8508914100486223,0.9954285714285714,1050,0,368,682
Xception,FT-3,StyleGAN2,True,42,0.7904761904761904,0.7049731182795699,0.9990476190476191,0.5819047619047619,0.8266351457840819,0.9965455782312926,1049,1,439,611
Xception,FT-3,StyleGAN2,True,123,0.8004761904761905,0.7147719537100068,1.0,0.6009523809523809,0.833664152441445,0.9988575963718821,1050,0,419,631
Xception,FT-3,StyleGAN2,True,2024,0.8214285714285714,0.7368421052631579,1.0,0.6428571428571429,0.8484848484848485,0.9969560090702948,1050,0,375,675
Xception,FT-3,StyleGAN3,True,42,0.7876190476190477,0.703778677462888,0.9933333333333333,0.5819047619047619,0.8238546603475514,0.9718267573696145,1043,7,439,611
Xception,FT-3,StyleGAN3,True,123,0.7980952380952381,0.7137978142076503,0.9952380952380953,0.6009523809523809,0.8313444709626094,0.9811981859410431,1045,5,419,631
Xception,FT-3,StyleGAN3,True,2024,0.8185714285714286,0.7357293868921776,0.9942857142857143,0.6428571428571429,0.8456865127582017,0.9768326530612246,1044,6,375,675
Xception,FT-3,SDXL,True,42,0.7885714285714286,0.704177897574124,0.9952380952380953,0.5819047619047619,0.824782951854775,0.974508843537415,1045,5,439,611
Xception,FT-3,SDXL,True,123,0.7985714285714286,0.7139931740614335,0.9961904761904762,0.6009523809523809,0.8318091451292247,0.9850657596371882,1046,4,419,631
Xception,FT-3,SDXL,True,2024,0.8161904761904762,0.7347949080622348,0.9895238095238095,0.6428571428571429,0.8433441558441559,0.9717020408163264,1039,11,375,675
Xception,FT-3,Flux,True,42,0.790952380952381,0.7051712558764271,1.0,0.5819047619047619,0.8270972823946435,0.9946226757369615,1050,0,439,611
Xception,FT-3,Flux,True,123,0.8004761904761905,0.7147719537100068,1.0,0.6009523809523809,0.833664152441445,0.9977151927437643,1050,0,419,631
Xception,FT-3,Flux,True,2024,0.8214285714285714,0.7368421052631579,1.0,0.6428571428571429,0.8484848484848485,0.9943065759637187,1050,0,375,675
